{"working_dir":null,"default_chunk_options":{"echo":true},"chunk_definitions":[{"row":19,"row_count":1,"visible":true,"expansion_state":0,"options":{"engine":"r","label":"setup","include":false,"dev":"png"},"document_id":"A36D1E8B","chunk_id":"csetup_chunk","chunk_label":"setup"},{"row":25,"row_count":1,"visible":true,"expansion_state":0,"options":{"engine":"r","message":false,"warning":false,"label":"unnamed-chunk-43","dev":"png"},"document_id":"A36D1E8B","chunk_id":"cd6ur2lo98iq4","chunk_label":"unnamed-chunk-1"},{"row":34,"row_count":1,"visible":true,"expansion_state":0,"options":{"engine":"r","message":false,"warning":false,"label":"unnamed-chunk-44","dev":"png"},"document_id":"A36D1E8B","chunk_id":"ch70cyc21qfno","chunk_label":"unnamed-chunk-2"},{"row":38,"row_count":1,"visible":true,"expansion_state":0,"options":{"engine":"r","label":"unnamed-chunk-45","dev":"png"},"document_id":"A36D1E8B","chunk_id":"clc2zpygavwo9","chunk_label":"unnamed-chunk-3"},{"row":52,"row_count":1,"visible":true,"expansion_state":0,"options":{"engine":"r","label":"unnamed-chunk-46","dev":"png"},"document_id":"A36D1E8B","chunk_id":"c2waq0vkmqtx4","chunk_label":"unnamed-chunk-4"},{"row":58,"row_count":1,"visible":true,"expansion_state":0,"options":{},"document_id":"A36D1E8B","chunk_id":"c2lslrn4kqgjs","chunk_label":"} print(head(df_mondiale))"},{"row":85,"row_count":1,"visible":true,"expansion_state":0,"options":{"engine":"r","label":"unnamed-chunk-47","dev":"png"},"document_id":"A36D1E8B","chunk_id":"cknjg040srfhm","chunk_label":"unnamed-chunk-5"},{"row":99,"row_count":1,"visible":true,"expansion_state":0,"options":{"engine":"r","label":"unnamed-chunk-48","dev":"png"},"document_id":"A36D1E8B","chunk_id":"cyb8o5m203gxa","chunk_label":"unnamed-chunk-6"},{"row":109,"row_count":1,"visible":true,"expansion_state":0,"options":{"engine":"r","label":"unnamed-chunk-49","dev":"png"},"document_id":"A36D1E8B","chunk_id":"cf33z66x938fx","chunk_label":"unnamed-chunk-7"},{"row":113,"row_count":1,"visible":true,"expansion_state":0,"options":{"engine":"r","label":"unnamed-chunk-50","dev":"png"},"document_id":"A36D1E8B","chunk_id":"c4qcaaybw78rk","chunk_label":"unnamed-chunk-8"},{"row":122,"row_count":1,"visible":true,"expansion_state":0,"options":{"engine":"r","label":"unnamed-chunk-51","dev":"png"},"document_id":"A36D1E8B","chunk_id":"cng2nlq814c1p","chunk_label":"unnamed-chunk-9"},{"row":129,"row_count":1,"visible":true,"expansion_state":0,"options":{"engine":"r","label":"unnamed-chunk-52","dev":"png"},"document_id":"A36D1E8B","chunk_id":"ch7s3a1ozazte","chunk_label":"unnamed-chunk-10"},{"row":136,"row_count":1,"visible":true,"expansion_state":0,"options":{"engine":"r","label":"unnamed-chunk-53","dev":"png"},"document_id":"A36D1E8B","chunk_id":"crj3vq29fny02","chunk_label":"unnamed-chunk-11"},{"row":145,"row_count":1,"visible":true,"expansion_state":0,"options":{"engine":"r","label":"unnamed-chunk-54","dev":"png"},"document_id":"A36D1E8B","chunk_id":"c2dxkacbyuckr","chunk_label":"unnamed-chunk-12"},{"row":149,"row_count":1,"visible":true,"expansion_state":0,"options":{"engine":"r","label":"unnamed-chunk-55","dev":"png"},"document_id":"A36D1E8B","chunk_id":"cppug85m4yw7e","chunk_label":"unnamed-chunk-13"},{"row":158,"row_count":1,"visible":true,"expansion_state":0,"options":{"engine":"r","label":"unnamed-chunk-56","dev":"png"},"document_id":"A36D1E8B","chunk_id":"cecsbai1tb32k","chunk_label":"unnamed-chunk-14"},{"row":172,"row_count":1,"visible":true,"expansion_state":0,"options":{"engine":"r","label":"unnamed-chunk-57","dev":"png"},"document_id":"A36D1E8B","chunk_id":"ctakycpzvho0b","chunk_label":"unnamed-chunk-15"},{"row":176,"row_count":1,"visible":true,"expansion_state":0,"options":{"engine":"r","label":"unnamed-chunk-58","dev":"png"},"document_id":"A36D1E8B","chunk_id":"cmpfut6ff4wdb","chunk_label":"unnamed-chunk-16"},{"row":219,"row_count":1,"visible":true,"expansion_state":0,"options":{"engine":"r","message":false,"warning":false,"label":"unnamed-chunk-59","dev":"png"},"document_id":"A36D1E8B","chunk_id":"cwlrh7md51zbo","chunk_label":"unnamed-chunk-17"},{"row":242,"row_count":1,"visible":true,"expansion_state":0,"options":{"engine":"r","message":false,"warning":false,"label":"unnamed-chunk-60","dev":"png"},"document_id":"A36D1E8B","chunk_id":"cs7lsoyklr1as","chunk_label":"unnamed-chunk-18"},{"row":249,"row_count":1,"visible":true,"expansion_state":0,"options":{"engine":"r","label":"unnamed-chunk-61","dev":"png"},"document_id":"A36D1E8B","chunk_id":"cy2jsajtvgw0i","chunk_label":"unnamed-chunk-19"},{"row":261,"row_count":1,"visible":true,"expansion_state":0,"options":{"engine":"r","label":"unnamed-chunk-62","dev":"png"},"document_id":"A36D1E8B","chunk_id":"cylj3wb3dhl1z","chunk_label":"unnamed-chunk-20"},{"row":272,"row_count":1,"visible":true,"expansion_state":0,"options":{"engine":"r","label":"unnamed-chunk-63","dev":"png"},"document_id":"A36D1E8B","chunk_id":"cwenkh9hmi5ex","chunk_label":"unnamed-chunk-21"},{"row":279,"row_count":1,"visible":true,"expansion_state":0,"options":{"engine":"r","label":"unnamed-chunk-64","dev":"png"},"document_id":"A36D1E8B","chunk_id":"csjlvnymi885f","chunk_label":"unnamed-chunk-22"},{"row":286,"row_count":1,"visible":true,"expansion_state":0,"options":{"engine":"r","label":"unnamed-chunk-65","dev":"png"},"document_id":"A36D1E8B","chunk_id":"crm5prut4u9vo","chunk_label":"unnamed-chunk-23"},{"row":294,"row_count":1,"visible":true,"expansion_state":0,"options":{"engine":"r","label":"unnamed-chunk-66","dev":"png"},"document_id":"A36D1E8B","chunk_id":"cv0c6y142mj32","chunk_label":"unnamed-chunk-24"},{"row":303,"row_count":1,"visible":true,"expansion_state":0,"options":{"engine":"r","label":"unnamed-chunk-67","dev":"png"},"document_id":"A36D1E8B","chunk_id":"cp4la3e7tqx52","chunk_label":"unnamed-chunk-25"},{"row":310,"row_count":1,"visible":true,"expansion_state":0,"options":{"engine":"r","label":"unnamed-chunk-68","dev":"png"},"document_id":"A36D1E8B","chunk_id":"cp9uis71vphrs","chunk_label":"unnamed-chunk-26"},{"row":317,"row_count":1,"visible":true,"expansion_state":0,"options":{"engine":"r","label":"unnamed-chunk-69","dev":"png"},"document_id":"A36D1E8B","chunk_id":"c25pfsma4sar1","chunk_label":"unnamed-chunk-27"},{"row":326,"row_count":1,"visible":true,"expansion_state":0,"options":{"engine":"r","label":"unnamed-chunk-70","dev":"png"},"document_id":"A36D1E8B","chunk_id":"cgdrq88je8hj8","chunk_label":"unnamed-chunk-28"},{"row":333,"row_count":1,"visible":true,"expansion_state":0,"options":{"engine":"r","label":"unnamed-chunk-71","dev":"png"},"document_id":"A36D1E8B","chunk_id":"c8vp3kcp6xuid","chunk_label":"unnamed-chunk-29"},{"row":345,"row_count":1,"visible":true,"expansion_state":0,"options":{"engine":"r","label":"unnamed-chunk-72","dev":"png"},"document_id":"A36D1E8B","chunk_id":"c2nju957hhsb4","chunk_label":"unnamed-chunk-30"},{"row":369,"row_count":1,"visible":true,"expansion_state":0,"options":{"engine":"r","label":"unnamed-chunk-73","dev":"png"},"document_id":"A36D1E8B","chunk_id":"cwkl2pm0sgtxv","chunk_label":"unnamed-chunk-31"},{"row":393,"row_count":1,"visible":true,"expansion_state":0,"options":{"engine":"r","message":false,"warning":false,"paged.print":false,"label":"unnamed-chunk-74","dev":"png"},"document_id":"A36D1E8B","chunk_id":"c536qbl64tfjv","chunk_label":"unnamed-chunk-32"},{"row":405,"row_count":1,"visible":true,"expansion_state":0,"options":{"engine":"r","label":"unnamed-chunk-75","dev":"png"},"document_id":"A36D1E8B","chunk_id":"ch80wfeiecfoq","chunk_label":"unnamed-chunk-33"},{"row":416,"row_count":1,"visible":true,"expansion_state":0,"options":{"engine":"r","label":"unnamed-chunk-76","dev":"png"},"document_id":"A36D1E8B","chunk_id":"cg3tjzo4akfv8","chunk_label":"unnamed-chunk-34"},{"row":423,"row_count":1,"visible":true,"expansion_state":0,"options":{"engine":"r","label":"unnamed-chunk-77","dev":"png"},"document_id":"A36D1E8B","chunk_id":"cf2pi71qof16q","chunk_label":"unnamed-chunk-35"},{"row":430,"row_count":1,"visible":true,"expansion_state":0,"options":{"engine":"r","label":"unnamed-chunk-78","dev":"png"},"document_id":"A36D1E8B","chunk_id":"crkepzmc92pvs","chunk_label":"unnamed-chunk-36"},{"row":438,"row_count":1,"visible":true,"expansion_state":0,"options":{"engine":"r","label":"unnamed-chunk-79","dev":"png"},"document_id":"A36D1E8B","chunk_id":"clnm795zud4ec","chunk_label":"unnamed-chunk-37"},{"row":447,"row_count":1,"visible":true,"expansion_state":0,"options":{"engine":"r","label":"unnamed-chunk-80","dev":"png"},"document_id":"A36D1E8B","chunk_id":"cwcuoy7bgocll","chunk_label":"unnamed-chunk-38"},{"row":454,"row_count":1,"visible":true,"expansion_state":0,"options":{"engine":"r","label":"unnamed-chunk-81","dev":"png"},"document_id":"A36D1E8B","chunk_id":"c76xy6l7n18ju","chunk_label":"unnamed-chunk-39"},{"row":461,"row_count":1,"visible":true,"expansion_state":0,"options":{"engine":"r","label":"unnamed-chunk-82","dev":"png"},"document_id":"A36D1E8B","chunk_id":"c0gu7nj0a40ef","chunk_label":"unnamed-chunk-40"},{"row":470,"row_count":1,"visible":true,"expansion_state":0,"options":{"engine":"r","label":"unnamed-chunk-83","dev":"png"},"document_id":"A36D1E8B","chunk_id":"clvmjyxfeg20g","chunk_label":"unnamed-chunk-41"},{"row":477,"row_count":1,"visible":true,"expansion_state":0,"options":{"engine":"r","label":"unnamed-chunk-84","dev":"png"},"document_id":"A36D1E8B","chunk_id":"cjlvh0g5wkc89","chunk_label":"unnamed-chunk-42"},{"row":489,"row_count":1,"visible":true,"expansion_state":0,"options":{"engine":"r","label":"unnamed-chunk-85","dev":"png"},"document_id":"A36D1E8B","chunk_id":"cb2kyp3xaet0k","chunk_label":"unnamed-chunk-43"},{"row":519,"row_count":1,"visible":true,"expansion_state":0,"options":{"engine":"r","label":"unnamed-chunk-86","dev":"png"},"document_id":"A36D1E8B","chunk_id":"cfb0aax8ry0to","chunk_label":"unnamed-chunk-44"}],"doc_write_time":1714661493}