"0","p <- ggplot(Data, aes(x = Année, y = Croissance, color = Groupe, group = Groupe)) +"
"0","  geom_line(size = 0.9, show.legend = FALSE) + "
"0","  geom_point(size = 2.5) + "
"0","  theme_minimal() + "
"0","  labs(title = ""Figure : Income growth and distribution (Gini Index)"","
"0","       x = """", "
"0","       y = """", "
"0","       color = """") + "
"0","  scale_x_continuous(breaks = seq(1960, 2020, by = 10)) +"
"0","  scale_color_manual(values = c(""#0077be"", ""#A9A9A9"", ""#DCDCDC"")) + "
"0","  guides(color = guide_legend()) + "
"0","  theme(legend.position = ""top"", legend.justification = ""left"","
"0","        plot.title = element_text(color = ""#0077be"", face = ""italic"", hjust = 0),"
"0","        plot.caption = element_text(color = ""black"", hjust = 0, face = ""italic"")) +"
"0","  labs(caption = ""Source : World Bank"")"
"0",""
"0","print(p)"
"0",""
