{"working_dir":null,"default_chunk_options":{"echo":true},"chunk_definitions":[{"row":22,"row_count":1,"visible":true,"expansion_state":0,"options":{"engine":"r","label":"setup","include":false,"dev":"png"},"document_id":"C0A812AE","chunk_id":"csetup_chunk","chunk_label":"setup"},{"row":28,"row_count":1,"visible":true,"expansion_state":0,"options":{"engine":"r","message":false,"warning":false,"label":"unnamed-chunk-106","dev":"png"},"document_id":"C0A812AE","chunk_id":"ca3b6wr8x6skk","chunk_label":"unnamed-chunk-1"},{"row":43,"row_count":1,"visible":true,"expansion_state":0,"options":{"engine":"r","message":false,"warning":false,"label":"unnamed-chunk-107","dev":"png"},"document_id":"C0A812AE","chunk_id":"cbzzsksh2o9kz","chunk_label":"unnamed-chunk-2"},{"row":47,"row_count":1,"visible":true,"expansion_state":0,"options":{"engine":"r","label":"unnamed-chunk-108","dev":"png"},"document_id":"C0A812AE","chunk_id":"ccvoj1nz2jfia","chunk_label":"unnamed-chunk-3"},{"row":66,"row_count":1,"visible":true,"expansion_state":0,"options":{},"document_id":"C0A812AE","chunk_id":"csj1klwp3o12d","chunk_label":"} print(head(df_mondiale))"},{"row":94,"row_count":1,"visible":true,"expansion_state":0,"options":{"engine":"r","label":"unnamed-chunk-5","dev":"png"},"document_id":"C0A812AE","chunk_id":"cb9ls99hvh4vt","chunk_label":"unnamed-chunk-5"},{"row":108,"row_count":1,"visible":true,"expansion_state":0,"options":{"engine":"r","label":"unnamed-chunk-6","dev":"png"},"document_id":"C0A812AE","chunk_id":"cqbzji35i71z8","chunk_label":"unnamed-chunk-6"},{"row":118,"row_count":1,"visible":true,"expansion_state":0,"options":{"engine":"r","label":"unnamed-chunk-7","dev":"png"},"document_id":"C0A812AE","chunk_id":"cixetvrbcmktt","chunk_label":"unnamed-chunk-7"},{"row":122,"row_count":1,"visible":true,"expansion_state":0,"options":{"engine":"r","label":"unnamed-chunk-8","dev":"png"},"document_id":"C0A812AE","chunk_id":"cyv034pfwe4kc","chunk_label":"unnamed-chunk-8"},{"row":131,"row_count":1,"visible":true,"expansion_state":0,"options":{"engine":"r","label":"unnamed-chunk-9","dev":"png"},"document_id":"C0A812AE","chunk_id":"c4gt49c682xv4","chunk_label":"unnamed-chunk-9"},{"row":138,"row_count":1,"visible":true,"expansion_state":0,"options":{"engine":"r","label":"unnamed-chunk-10","dev":"png"},"document_id":"C0A812AE","chunk_id":"c1oyaxez8pi9v","chunk_label":"unnamed-chunk-10"},{"row":145,"row_count":1,"visible":true,"expansion_state":0,"options":{"engine":"r","label":"unnamed-chunk-11","dev":"png"},"document_id":"C0A812AE","chunk_id":"c3zmd3uo4ohuj","chunk_label":"unnamed-chunk-11"},{"row":154,"row_count":1,"visible":true,"expansion_state":0,"options":{"engine":"r","label":"unnamed-chunk-12","dev":"png"},"document_id":"C0A812AE","chunk_id":"c5kkm9uf2lu55","chunk_label":"unnamed-chunk-12"},{"row":158,"row_count":1,"visible":true,"expansion_state":0,"options":{"engine":"r","label":"unnamed-chunk-13","dev":"png"},"document_id":"C0A812AE","chunk_id":"c6l8z51xveiab","chunk_label":"unnamed-chunk-13"},{"row":167,"row_count":1,"visible":true,"expansion_state":0,"options":{"engine":"r","label":"unnamed-chunk-14","dev":"png"},"document_id":"C0A812AE","chunk_id":"cabaqgo2c9p9k","chunk_label":"unnamed-chunk-14"},{"row":181,"row_count":1,"visible":true,"expansion_state":0,"options":{"engine":"r","label":"unnamed-chunk-15","dev":"png"},"document_id":"C0A812AE","chunk_id":"cgmxedv56p81r","chunk_label":"unnamed-chunk-15"},{"row":185,"row_count":1,"visible":true,"expansion_state":0,"options":{"engine":"r","label":"unnamed-chunk-16","dev":"png"},"document_id":"C0A812AE","chunk_id":"c4ybi2n2rmo4h","chunk_label":"unnamed-chunk-16"},{"row":229,"row_count":1,"visible":true,"expansion_state":0,"options":{"engine":"r","message":false,"warning":false,"label":"unnamed-chunk-17","dev":"png"},"document_id":"C0A812AE","chunk_id":"c65kewrwcd0rv","chunk_label":"unnamed-chunk-17"},{"row":253,"row_count":1,"visible":true,"expansion_state":0,"options":{"engine":"r","message":false,"warning":false,"label":"unnamed-chunk-103","dev":"png"},"document_id":"C0A812AE","chunk_id":"c4qi4i2uwmtiv","chunk_label":"unnamed-chunk-18"},{"row":261,"row_count":1,"visible":true,"expansion_state":0,"options":{"engine":"r","label":"unnamed-chunk-104","dev":"png"},"document_id":"C0A812AE","chunk_id":"cb1jjhiritpky","chunk_label":"unnamed-chunk-19"},{"row":283,"row_count":1,"visible":true,"expansion_state":0,"options":{"engine":"r","label":"unnamed-chunk-21","dev":"png"},"document_id":"C0A812AE","chunk_id":"c0gh415ebnwqk","chunk_label":"unnamed-chunk-21"},{"row":290,"row_count":1,"visible":true,"expansion_state":0,"options":{"engine":"r","label":"unnamed-chunk-22","dev":"png"},"document_id":"C0A812AE","chunk_id":"ce30rs3izexw1","chunk_label":"unnamed-chunk-22"},{"row":297,"row_count":1,"visible":true,"expansion_state":0,"options":{"engine":"r","label":"unnamed-chunk-23","dev":"png"},"document_id":"C0A812AE","chunk_id":"cph0nv88ex3u8","chunk_label":"unnamed-chunk-23"},{"row":305,"row_count":1,"visible":true,"expansion_state":0,"options":{"engine":"r","label":"unnamed-chunk-24","dev":"png"},"document_id":"C0A812AE","chunk_id":"csrljkcswyidr","chunk_label":"unnamed-chunk-24"},{"row":314,"row_count":1,"visible":true,"expansion_state":0,"options":{"engine":"r","label":"unnamed-chunk-25","dev":"png"},"document_id":"C0A812AE","chunk_id":"cnvzh98vxxzis","chunk_label":"unnamed-chunk-25"},{"row":321,"row_count":1,"visible":true,"expansion_state":0,"options":{"engine":"r","label":"unnamed-chunk-26","dev":"png"},"document_id":"C0A812AE","chunk_id":"cwejlwz65rk1h","chunk_label":"unnamed-chunk-26"},{"row":328,"row_count":1,"visible":true,"expansion_state":0,"options":{"engine":"r","label":"unnamed-chunk-27","dev":"png"},"document_id":"C0A812AE","chunk_id":"cieswdn98ilik","chunk_label":"unnamed-chunk-27"},{"row":337,"row_count":1,"visible":true,"expansion_state":0,"options":{"engine":"r","label":"unnamed-chunk-28","dev":"png"},"document_id":"C0A812AE","chunk_id":"cgj8a0b4spu4b","chunk_label":"unnamed-chunk-28"},{"row":344,"row_count":1,"visible":true,"expansion_state":0,"options":{"engine":"r","label":"unnamed-chunk-29","dev":"png"},"document_id":"C0A812AE","chunk_id":"c65yjugzy7868","chunk_label":"unnamed-chunk-29"},{"row":356,"row_count":1,"visible":true,"expansion_state":0,"options":{"engine":"r","label":"unnamed-chunk-30","dev":"png"},"document_id":"C0A812AE","chunk_id":"cl6xby8fjnp3e","chunk_label":"unnamed-chunk-30"},{"row":380,"row_count":1,"visible":true,"expansion_state":0,"options":{"engine":"r","label":"unnamed-chunk-31","dev":"png"},"document_id":"C0A812AE","chunk_id":"c2xl8z8v0olfq","chunk_label":"unnamed-chunk-31"},{"row":404,"row_count":1,"visible":true,"expansion_state":0,"options":{"engine":"r","message":false,"warning":false,"paged.print":false,"label":"unnamed-chunk-32","dev":"png"},"document_id":"C0A812AE","chunk_id":"ckldqjbqr5mad","chunk_label":"unnamed-chunk-32"},{"row":416,"row_count":1,"visible":true,"expansion_state":0,"options":{"engine":"r","label":"unnamed-chunk-33","dev":"png"},"document_id":"C0A812AE","chunk_id":"cnhnkmt5k7px7","chunk_label":"unnamed-chunk-33"},{"row":427,"row_count":1,"visible":true,"expansion_state":0,"options":{"engine":"r","label":"unnamed-chunk-34","dev":"png"},"document_id":"C0A812AE","chunk_id":"cc3naqnz965r6","chunk_label":"unnamed-chunk-34"},{"row":434,"row_count":1,"visible":true,"expansion_state":0,"options":{"engine":"r","label":"unnamed-chunk-35","dev":"png"},"document_id":"C0A812AE","chunk_id":"cu9ujv61ywlal","chunk_label":"unnamed-chunk-35"},{"row":441,"row_count":1,"visible":true,"expansion_state":0,"options":{"engine":"r","label":"unnamed-chunk-36","dev":"png"},"document_id":"C0A812AE","chunk_id":"c9cmz88mrpv3b","chunk_label":"unnamed-chunk-36"},{"row":449,"row_count":1,"visible":true,"expansion_state":0,"options":{"engine":"r","label":"unnamed-chunk-37","dev":"png"},"document_id":"C0A812AE","chunk_id":"ch8ctkylkca3a","chunk_label":"unnamed-chunk-37"},{"row":458,"row_count":1,"visible":true,"expansion_state":0,"options":{"engine":"r","label":"unnamed-chunk-38","dev":"png"},"document_id":"C0A812AE","chunk_id":"c0he44gocq6k0","chunk_label":"unnamed-chunk-38"},{"row":465,"row_count":1,"visible":true,"expansion_state":0,"options":{"engine":"r","label":"unnamed-chunk-39","dev":"png"},"document_id":"C0A812AE","chunk_id":"clspesszfjkx4","chunk_label":"unnamed-chunk-39"},{"row":472,"row_count":1,"visible":true,"expansion_state":0,"options":{"engine":"r","label":"unnamed-chunk-40","dev":"png"},"document_id":"C0A812AE","chunk_id":"cp32meyr85nqs","chunk_label":"unnamed-chunk-40"},{"row":481,"row_count":1,"visible":true,"expansion_state":0,"options":{"engine":"r","label":"unnamed-chunk-41","dev":"png"},"document_id":"C0A812AE","chunk_id":"cdat4xc99m4r9","chunk_label":"unnamed-chunk-41"},{"row":488,"row_count":1,"visible":true,"expansion_state":0,"options":{"engine":"r","label":"unnamed-chunk-42","dev":"png"},"document_id":"C0A812AE","chunk_id":"c2wai7tnnmotl","chunk_label":"unnamed-chunk-42"},{"row":500,"row_count":1,"visible":true,"expansion_state":0,"options":{},"document_id":"C0A812AE","chunk_id":"cjysdc35iwlgs","chunk_label":"unnamed-chunk-43"}],"doc_write_time":1714677707,"chunk_rendered_width":700}