"0","p <- ggplot(Data, aes(x = Année, y = Croissance, color = Groupe, group = Groupe)) +"
"0","  geom_line(size = 1.1,show.legend = FALSE) + # Supprimer la légende pour les lignes"
"0","  geom_point(size = 2.5) + # Ajouter des points"
"0","  theme_minimal() + # Utiliser un thème minimaliste"
"0","  labs(title = ""Figure: Annual population growth (%)"","
"0","       x = """", # Supprimer l'étiquette en abscisse"
"0","       y = """", # Supprimer l'étiquette en ordonnées"
"0","       color = """") + # Enlever la mention ""Région"""
"0","  scale_x_continuous(breaks = seq(1960, 2020, by = 10)) +"
"0","  scale_color_manual(values = c(""#0077be"", ""#A9A9A9"", ""#DCDCDC"")) + # Définir les couleurs manuellement"
"0","guides(color = guide_legend(override.aes = list(size = 3) ) ) + # Remplacer les traits par des points de cercles colorés"
"0","  theme(legend.position = ""top"", legend.justification = ""left"") +"
"0","  labs(caption = ""Source : World Bank "")"
"0",""
"0","# Afficher le graphique avec le titre en bleu, en gras et la source à droite"
"0","p + theme(plot.title = element_text(color = ""#0077be"", face = ""italic"", hjust = 0),"
"0","          plot.caption = element_text(color = ""black"",hjust = 0, face = ""italic""))"
