"0","p <- ggplot(Data, aes(x = Année, y = Croissance, color = Groupe, group = Groupe)) +"
"0","  geom_line(size = 1.1,show.legend = FALSE) + # Supprimer la légende pour les lignes"
"0","  geom_point(size = 2.5) + # Ajouter des points"
"0","  theme_minimal() + # Utiliser un thème minimaliste"
"0","  labs(title = ""Figure : Gender inequality index"","
"0","       x = """", # Supprimer l'étiquette en abscisse"
"0","       y = """", # Supprimer l'étiquette en ordonnées"
"0","       color = """") + # Enlever la mention ""Région"""
"0","  scale_x_continuous(breaks = seq(1960, 2020, by = 5)) +"
"0","  scale_color_manual(values = c(""#0077be"", ""#A9A9A9"", ""#DCDCDC"")) + # Définir les couleurs manuellement"
"0","  guides(color = guide_legend(override.aes = list(size = 3) ) ) + # Remplacer les traits par des points de cercles colorés"
"0","  theme(legend.position = ""top"", legend.justification = ""left"") +"
"0","  labs(caption = ""Source : UNDP "")+"
"0",""
"0","# Afficher le graphique avec le titre en bleu, en gras et la source à droite"
"0"," theme(plot.title = element_text(color = ""#0077be"", face = ""italic"", hjust = 0),"
"0","         plot.caption = element_text(color = ""black"",hjust = 0, face = ""italic""))"
"0","# Ajout de la deuxième étiquette carrée"
"0","p <- p +"
"0","  geom_label(x=2002.2, y=0.483, label= ""World:0.4"", show.legend=FALSE,color=""black"")+"
"0","  annotate(""point"", x = 2002.08, y = 0.462, shape =25, size = 2.5, fill = ""white"",color = ""black"")+"
"0","  annotate(""point"", x = 2002.08, y = 0.465, shape =25, size = 2.2, fill = ""white"",color = ""white"")"
"0",""
"0","print(p)"
"0",""
