{"chunk_definitions":[{"row":19,"row_count":1,"visible":true,"expansion_state":0,"options":{"engine":"r","label":"setup","include":false,"dev":"png"},"document_id":"C0A812AE","chunk_id":"csetup_chunk","chunk_label":"setup"},{"row":25,"row_count":1,"visible":true,"expansion_state":0,"options":{"engine":"r","message":false,"warning":false,"label":"unnamed-chunk-2","dev":"png"},"document_id":"C0A812AE","chunk_id":"cua261gg042zx","chunk_label":"unnamed-chunk-1"},{"row":35,"row_count":1,"visible":true,"expansion_state":0,"options":{"engine":"r","message":false,"warning":false,"label":"unnamed-chunk-7","dev":"png"},"document_id":"C0A812AE","chunk_id":"cb7sy50mkdenx","chunk_label":"unnamed-chunk-2"},{"row":229,"row_count":1,"visible":true,"expansion_state":0,"options":{"engine":"r","message":false,"warning":false,"label":"unnamed-chunk-8","dev":"png"},"document_id":"C0A812AE","chunk_id":"ckx2cx5ydbtlw","chunk_label":"unnamed-chunk-18"},{"row":362,"row_count":1,"visible":true,"expansion_state":0,"options":{"engine":"r","message":false,"warning":false,"paged.print":false,"label":"unnamed-chunk-9","dev":"png"},"document_id":"C0A812AE","chunk_id":"cju7stl77rulb","chunk_label":"unnamed-chunk-32"}],"doc_write_time":1714595606,"working_dir":null,"default_chunk_options":{"echo":true}}